{"cameraMode":{"drawMode":0,"name":"Shaded","section":"Shading Mode"},"sceneLighting":false,"audioPlay":false,"sceneViewState":{"m_AlwaysRefresh":false,"showFog":true,"showSkybox":false,"showFlares":true,"showImageEffects":true,"showParticleSystems":true,"showVisualEffectGraphs":true,"m_FxEnabled":true},"in2DMode":false,"pivot":{"x":0.9099307060241699,"y":0.12325049936771393,"z":0.18161718547344209},"rotation":{"x":-0.16720883548259736,"y":0.7597703337669373,"z":-0.21518681943416596,"w":-0.5903596878051758},"size":0.5711204409599304,"orthographic":true}